player_id,name,wikidata_id,commons_file,image_url,thumb_url,page_url,license,artist,credit,source_id,retrieved_at
aaron-wan-bissaka,Aaron Wan-Bissaka,Q50137347,Aaron Wan-Bissaka of West Ham United.jpeg,https://upload.wikimedia.org/wikipedia/commons/5/55/Aaron_Wan-Bissaka_of_West_Ham_United.jpeg,https://upload.wikimedia.org/wikipedia/commons/thumb/5/55/Aaron_Wan-Bissaka_of_West_Ham_United.jpeg/330px-Aaron_Wan-Bissaka_of_West_Ham_United.jpeg,https://commons.wikimedia.org/wiki/File:Aaron_Wan-Bissaka_of_West_Ham_United.jpeg,CC BY-SA 4.0,Egghead06,Own work,wikidata-commons,2026-06-12T21:30:03.053Z
alan-smith,Alan Smith,Q216614,Rsz Alansmith 20040727.jpg,https://upload.wikimedia.org/wikipedia/commons/b/bd/Rsz_Alansmith_20040727.jpg,https://upload.wikimedia.org/wikipedia/commons/b/bd/Rsz_Alansmith_20040727.jpg,https://commons.wikimedia.org/wiki/File:Rsz_Alansmith_20040727.jpg,CC BY-SA 2.0,Toni Marsh,"Cropped from https://www.flickr.com/photos/tiggy818/20285850/ Date uploaded to Flickr: June 19, 2005",wikidata-commons,2026-06-12T21:30:03.053Z
alejandro-garnacho,Alejandro Garnacho,Q111366053,Alejandro Garnacho 7 August 2022 (cropped).jpg,https://upload.wikimedia.org/wikipedia/commons/a/ab/Alejandro_Garnacho_7_August_2022_%28cropped%29.jpg,https://upload.wikimedia.org/wikipedia/commons/thumb/a/ab/Alejandro_Garnacho_7_August_2022_%28cropped%29.jpg/330px-Alejandro_Garnacho_7_August_2022_%28cropped%29.jpg,https://commons.wikimedia.org/wiki/File:Alejandro_Garnacho_7_August_2022_(cropped).jpg,CC BY-SA 4.0,Ardfern,Own work,wikidata-commons,2026-06-12T21:30:03.053Z
alex-bell,Alex Bell,Q3439401,Manchester United 1908-09 (Bell).jpg,https://upload.wikimedia.org/wikipedia/commons/3/38/Manchester_United_1908-09_%28Bell%29.jpg,https://upload.wikimedia.org/wikipedia/commons/3/38/Manchester_United_1908-09_%28Bell%29.jpg,https://commons.wikimedia.org/wiki/File:Manchester_United_1908-09_(Bell).jpg,Public domain,Unknown author Unknown author,Here,wikidata-commons,2026-06-12T21:30:03.053Z
alex-stepney,Alex Stepney,Q380205,Alex Stepney.jpg,https://upload.wikimedia.org/wikipedia/commons/d/d3/Alex_Stepney.jpg,https://upload.wikimedia.org/wikipedia/commons/thumb/d/d3/Alex_Stepney.jpg/330px-Alex_Stepney.jpg,https://commons.wikimedia.org/wiki/File:Alex_Stepney.jpg,CC BY-SA 3.0,Christophe95,Own work,wikidata-commons,2026-06-12T21:30:03.053Z
amad-diallo,Amad Diallo,Q72603655,"Manchester United v BSC Young Boys, 8 December 2021 (17) (cropped).jpg",https://upload.wikimedia.org/wikipedia/commons/1/19/Manchester_United_v_BSC_Young_Boys%2C_8_December_2021_%2817%29_%28cropped%29.jpg,https://upload.wikimedia.org/wikipedia/commons/thumb/1/19/Manchester_United_v_BSC_Young_Boys%2C_8_December_2021_%2817%29_%28cropped%29.jpg/330px-Manchester_United_v_BSC_Young_Boys%2C_8_December_2021_%2817%29_%28cropped%29.jpg,"https://commons.wikimedia.org/wiki/File:Manchester_United_v_BSC_Young_Boys,_8_December_2021_(17)_(cropped).jpg",CC BY-SA 4.0,Ardfern,Own work,wikidata-commons,2026-06-12T21:30:03.053Z
ander-herrera,Ander Herrera,Q1639968,2019-07-17 SG Dynamo Dresden vs. Paris Saint-Germain by Sandro Halank–282 (cropped).jpg,https://upload.wikimedia.org/wikipedia/commons/f/f8/2019-07-17_SG_Dynamo_Dresden_vs._Paris_Saint-Germain_by_Sandro_Halank%E2%80%93282_%28cropped%29.jpg,https://upload.wikimedia.org/wikipedia/commons/thumb/f/f8/2019-07-17_SG_Dynamo_Dresden_vs._Paris_Saint-Germain_by_Sandro_Halank%E2%80%93282_%28cropped%29.jpg/330px-2019-07-17_SG_Dynamo_Dresden_vs._Paris_Saint-Germain_by_Sandro_Halank%E2%80%93282_%28cropped%29.jpg,https://commons.wikimedia.org/wiki/File:2019-07-17_SG_Dynamo_Dresden_vs._Paris_Saint-Germain_by_Sandro_Halank%E2%80%93282_(cropped).jpg,CC BY-SA 4.0,"Sandro Halank , Wikimedia Commons",Self-photographed,wikidata-commons,2026-06-12T21:30:03.053Z
anderson,Anderson,Q484772,Anderson 2013.jpg,https://upload.wikimedia.org/wikipedia/commons/4/48/Anderson_2013.jpg,https://upload.wikimedia.org/wikipedia/commons/4/48/Anderson_2013.jpg,https://commons.wikimedia.org/wiki/File:Anderson_2013.jpg,CC BY 2.0,Doha Stadium Plus Qatar,https://www.flickr.com/photos/dohastadiumplusqatar/8402079732/,wikidata-commons,2026-06-12T21:30:03.053Z
andrei-kanchelskis,Andrei Kanchelskis,Q312148,Kanchelskis Andrei.jpg,https://upload.wikimedia.org/wikipedia/commons/c/c9/Kanchelskis_Andrei.jpg,https://upload.wikimedia.org/wikipedia/commons/c/c9/Kanchelskis_Andrei.jpg,https://commons.wikimedia.org/wiki/File:Kanchelskis_Andrei.jpg,Public domain,,Self-photographed,wikidata-commons,2026-06-12T21:30:03.053Z
andre-onana,André Onana,Q19116103,André Onana.jpg,https://upload.wikimedia.org/wikipedia/commons/6/67/Andr%C3%A9_Onana.jpg,https://upload.wikimedia.org/wikipedia/commons/thumb/6/67/Andr%C3%A9_Onana.jpg/330px-Andr%C3%A9_Onana.jpg,https://commons.wikimedia.org/wiki/File:Andr%C3%A9_Onana.jpg,CC BY-SA 4.0,Franco237,Own work,wikidata-commons,2026-06-12T21:30:03.053Z
andy-cole,Andy Cole,Q216928,Aeroflot Manchester United Trophy Tour in Tokyo (13047502155).jpg,https://upload.wikimedia.org/wikipedia/commons/8/80/Aeroflot_Manchester_United_Trophy_Tour_in_Tokyo_%2813047502155%29.jpg,https://upload.wikimedia.org/wikipedia/commons/thumb/8/80/Aeroflot_Manchester_United_Trophy_Tour_in_Tokyo_%2813047502155%29.jpg/330px-Aeroflot_Manchester_United_Trophy_Tour_in_Tokyo_%2813047502155%29.jpg,https://commons.wikimedia.org/wiki/File:Aeroflot_Manchester_United_Trophy_Tour_in_Tokyo_(13047502155).jpg,CC BY-SA 2.0,"Norio NAKAYAMA from saitama, japan",AEROFLOT ManchesterUnited TrophyTour,wikidata-commons,2026-06-12T21:30:03.053Z
anthony-martial,Anthony Martial,Q2091463,Anthony Martial 27 September 2017 cropped.jpg,https://upload.wikimedia.org/wikipedia/commons/8/88/Anthony_Martial_27_September_2017_cropped.jpg,https://upload.wikimedia.org/wikipedia/commons/thumb/8/88/Anthony_Martial_27_September_2017_cropped.jpg/330px-Anthony_Martial_27_September_2017_cropped.jpg,https://commons.wikimedia.org/wiki/File:Anthony_Martial_27_September_2017_cropped.jpg,CC BY-SA 3.0,Дмитрий Голубович,https://www.soccer0010.com/galery/1013619/photo/673742,wikidata-commons,2026-06-12T21:30:03.053Z
antonio-valencia,Antonio Valencia,Q174486,Antonio Valencia cropped.jpg,https://upload.wikimedia.org/wikipedia/commons/5/51/Antonio_Valencia_cropped.jpg,https://upload.wikimedia.org/wikipedia/commons/thumb/5/51/Antonio_Valencia_cropped.jpg/330px-Antonio_Valencia_cropped.jpg,https://commons.wikimedia.org/wiki/File:Antonio_Valencia_cropped.jpg,CC BY-SA 1.0,Julia Novikova for Soccer.ru,cropped from Soccer.ru photo,wikidata-commons,2026-06-12T21:30:03.053Z
antony,Antony,Q59205608,Antony 2022.jpg,https://upload.wikimedia.org/wikipedia/commons/a/a9/Antony_2022.jpg,https://upload.wikimedia.org/wikipedia/commons/thumb/a/a9/Antony_2022.jpg/330px-Antony_2022.jpg,https://commons.wikimedia.org/wiki/File:Antony_2022.jpg,CC BY-SA 4.0,Ardfern,Own work,wikidata-commons,2026-06-12T21:30:03.053Z
arthur-albiston,Arthur Albiston,Q462137,"Albiston, Arthur.jpg",https://upload.wikimedia.org/wikipedia/commons/e/eb/Albiston%2C_Arthur.jpg,https://upload.wikimedia.org/wikipedia/commons/e/eb/Albiston%2C_Arthur.jpg,"https://commons.wikimedia.org/wiki/File:Albiston,_Arthur.jpg",CC BY-SA 3.0,Stew jones,Own work,wikidata-commons,2026-06-12T21:30:03.053Z
ashley-young,Ashley Young,Q10602,Ashley Young 2018-06-13 1.jpg,https://upload.wikimedia.org/wikipedia/commons/b/bf/Ashley_Young_2018-06-13_1.jpg,https://upload.wikimedia.org/wikipedia/commons/thumb/b/bf/Ashley_Young_2018-06-13_1.jpg/330px-Ashley_Young_2018-06-13_1.jpg,https://commons.wikimedia.org/wiki/File:Ashley_Young_2018-06-13_1.jpg,CC BY-SA 3.0,Кирилл Венедиктов,https://www.soccer.ru/galery/1053441/photo/729781,wikidata-commons,2026-06-12T21:30:03.053Z
bill-foulkes,Bill Foulkes,Q462111,"Bill Foulkes, NASL 1975 media guide page 12.png",https://upload.wikimedia.org/wikipedia/commons/6/64/Bill_Foulkes%2C_NASL_1975_media_guide_page_12.png,https://upload.wikimedia.org/wikipedia/commons/6/64/Bill_Foulkes%2C_NASL_1975_media_guide_page_12.png,"https://commons.wikimedia.org/wiki/File:Bill_Foulkes,_NASL_1975_media_guide_page_12.png",Public domain,North American Soccer League,North American Soccer League 1975 media guide via SportsArchive,wikidata-commons,2026-06-12T21:30:03.053Z
billy-meredith,Billy Meredith,Q444611,Billy meredith city.jpg,https://upload.wikimedia.org/wikipedia/commons/8/8b/Billy_meredith_city.jpg,https://upload.wikimedia.org/wikipedia/commons/thumb/8/8b/Billy_meredith_city.jpg/330px-Billy_meredith_city.jpg,https://commons.wikimedia.org/wiki/File:Billy_meredith_city.jpg,Public domain,Stevo1000,Own work,wikidata-commons,2026-06-12T21:30:03.053Z
bobby-charlton,Bobby Charlton,Q171583,Bobby Charlton en 1966 160.jpg,https://upload.wikimedia.org/wikipedia/commons/a/aa/Bobby_Charlton_en_1966_160.jpg,https://upload.wikimedia.org/wikipedia/commons/thumb/a/aa/Bobby_Charlton_en_1966_160.jpg/330px-Bobby_Charlton_en_1966_160.jpg,https://commons.wikimedia.org/wiki/File:Bobby_Charlton_en_1966_160.jpg,Public domain,Panini,FIGURINA CAMPIONI DELLO SPORT PANINI - SPORT INVERNALI RUSSELL,wikidata-commons,2026-06-12T21:30:03.053Z
brian-greenhoff,Brian Greenhoff,Q912274,ITA v ENG 1976 Greenhoff Causio.jpg,https://upload.wikimedia.org/wikipedia/commons/3/35/ITA_v_ENG_1976_Greenhoff_Causio.jpg,https://upload.wikimedia.org/wikipedia/commons/thumb/3/35/ITA_v_ENG_1976_Greenhoff_Causio.jpg/330px-ITA_v_ENG_1976_Greenhoff_Causio.jpg,https://commons.wikimedia.org/wiki/File:ITA_v_ENG_1976_Greenhoff_Causio.jpg,Public domain,Unknown author Unknown author,Ansa,wikidata-commons,2026-06-12T21:30:03.053Z
brian-kidd,Brian Kidd,Q562532,Brian Kidd (cropped).JPG,https://upload.wikimedia.org/wikipedia/commons/1/1f/Brian_Kidd_%28cropped%29.JPG,https://upload.wikimedia.org/wikipedia/commons/thumb/1/1f/Brian_Kidd_%28cropped%29.JPG/330px-Brian_Kidd_%28cropped%29.JPG,https://commons.wikimedia.org/wiki/File:Brian_Kidd_(cropped).JPG,CC BY-SA 3.0,Christophe95,Own work,wikidata-commons,2026-06-12T21:30:03.053Z
brian-mcclair,Brian McClair,Q462105,Brian McClair (2017-07-29 img03).jpg,https://upload.wikimedia.org/wikipedia/commons/f/f5/Brian_McClair_%282017-07-29_img03%29.jpg,https://upload.wikimedia.org/wikipedia/commons/thumb/f/f5/Brian_McClair_%282017-07-29_img03%29.jpg/330px-Brian_McClair_%282017-07-29_img03%29.jpg,https://commons.wikimedia.org/wiki/File:Brian_McClair_(2017-07-29_img03).jpg,CC BY-SA 3.0,Kjetil Ree,Own work,wikidata-commons,2026-06-12T21:30:03.053Z
bruno-fernandes,Bruno Fernandes,Q4979316,Bruno Fernandes USMNT v Portugal Mar 31 2026-27 (cropped).jpg,https://upload.wikimedia.org/wikipedia/commons/c/c7/Bruno_Fernandes_USMNT_v_Portugal_Mar_31_2026-27_%28cropped%29.jpg,https://upload.wikimedia.org/wikipedia/commons/thumb/c/c7/Bruno_Fernandes_USMNT_v_Portugal_Mar_31_2026-27_%28cropped%29.jpg/330px-Bruno_Fernandes_USMNT_v_Portugal_Mar_31_2026-27_%28cropped%29.jpg,https://commons.wikimedia.org/wiki/File:Bruno_Fernandes_USMNT_v_Portugal_Mar_31_2026-27_(cropped).jpg,CC BY-SA 4.0,Bryan Berlin,Own work,wikidata-commons,2026-06-12T21:30:03.053Z
bryan-robson,Bryan Robson,Q296583,Bryan Robson Thailand 2009-11-01 (2).jpg,https://upload.wikimedia.org/wikipedia/commons/4/4e/Bryan_Robson_Thailand_2009-11-01_%282%29.jpg,https://upload.wikimedia.org/wikipedia/commons/thumb/4/4e/Bryan_Robson_Thailand_2009-11-01_%282%29.jpg/330px-Bryan_Robson_Thailand_2009-11-01_%282%29.jpg,https://commons.wikimedia.org/wiki/File:Bryan_Robson_Thailand_2009-11-01_(2).jpg,CC BY 2.0,Government of Thailand,https://www.flickr.com/photos/40561337@N07/4073518529/,wikidata-commons,2026-06-12T21:30:03.053Z
carlos-tevez,Carlos Tevez,Q50600,Carlos Tevez with Argentina November 2014 (cropped).jpg,https://upload.wikimedia.org/wikipedia/commons/3/31/Carlos_Tevez_with_Argentina_November_2014_%28cropped%29.jpg,https://upload.wikimedia.org/wikipedia/commons/thumb/3/31/Carlos_Tevez_with_Argentina_November_2014_%28cropped%29.jpg/330px-Carlos_Tevez_with_Argentina_November_2014_%28cropped%29.jpg,https://commons.wikimedia.org/wiki/File:Carlos_Tevez_with_Argentina_November_2014_(cropped).jpg,CC BY-SA 4.0,Egghead06,Own work,wikidata-commons,2026-06-12T21:30:03.053Z
charlie-roberts,Charlie Roberts,Q2916117,Manchester United 1908-09 (Roberts).jpg,https://upload.wikimedia.org/wikipedia/commons/7/79/Manchester_United_1908-09_%28Roberts%29.jpg,https://upload.wikimedia.org/wikipedia/commons/7/79/Manchester_United_1908-09_%28Roberts%29.jpg,https://commons.wikimedia.org/wiki/File:Manchester_United_1908-09_(Roberts).jpg,Public domain,Unknown author Unknown author,Here,wikidata-commons,2026-06-12T21:30:03.053Z
chicharito,Chicharito,Q165125,Hertha BSC vs. West Ham United 20190731 (139).jpg,https://upload.wikimedia.org/wikipedia/commons/9/95/Hertha_BSC_vs._West_Ham_United_20190731_%28139%29.jpg,https://upload.wikimedia.org/wikipedia/commons/thumb/9/95/Hertha_BSC_vs._West_Ham_United_20190731_%28139%29.jpg/330px-Hertha_BSC_vs._West_Ham_United_20190731_%28139%29.jpg,https://commons.wikimedia.org/wiki/File:Hertha_BSC_vs._West_Ham_United_20190731_(139).jpg,CC BY-SA 4.0,"-- Steindy ( talk ) 16:03, 29 August 2019 (UTC)",Own work,wikidata-commons,2026-06-12T21:30:03.053Z
chris-smalling,Chris Smalling,Q29491,CSKA-MU 2017 (15).jpg,https://upload.wikimedia.org/wikipedia/commons/6/65/CSKA-MU_2017_%2815%29.jpg,https://upload.wikimedia.org/wikipedia/commons/thumb/6/65/CSKA-MU_2017_%2815%29.jpg/330px-CSKA-MU_2017_%2815%29.jpg,https://commons.wikimedia.org/wiki/File:CSKA-MU_2017_(15).jpg,CC BY-SA 3.0,Дмитрий Голубович,soccer.ru,wikidata-commons,2026-06-12T21:30:03.053Z
christian-eriksen,Christian Eriksen,Q294951,20140904 - Christian Eriksen (cropped).jpg,https://upload.wikimedia.org/wikipedia/commons/1/1a/20140904_-_Christian_Eriksen_%28cropped%29.jpg,https://upload.wikimedia.org/wikipedia/commons/thumb/1/1a/20140904_-_Christian_Eriksen_%28cropped%29.jpg/330px-20140904_-_Christian_Eriksen_%28cropped%29.jpg,https://commons.wikimedia.org/wiki/File:20140904_-_Christian_Eriksen_(cropped).jpg,CC BY-SA 2.0,"Chris 0023 from Lyngby, Denmark",Christian Eriksen - Tottenham Hotspurs former Ajax Amsterdam player,wikidata-commons,2026-06-12T21:30:03.053Z
clayton-blackmore,Clayton Blackmore,Q1099281,Clayton Blackmore juli 1991.JPG,https://upload.wikimedia.org/wikipedia/commons/4/44/Clayton_Blackmore_juli_1991.JPG,https://upload.wikimedia.org/wikipedia/commons/4/44/Clayton_Blackmore_juli_1991.JPG,https://commons.wikimedia.org/wiki/File:Clayton_Blackmore_juli_1991.JPG,Public domain,my own picture,Øyvind Vik,wikidata-commons,2026-06-12T21:30:03.053Z
cristiano-ronaldo,Cristiano Ronaldo,Q11571,2025 Cristiano Ronaldo (cropped).jpg,https://upload.wikimedia.org/wikipedia/commons/9/94/2025_Cristiano_Ronaldo_%28cropped%29.jpg,https://upload.wikimedia.org/wikipedia/commons/thumb/9/94/2025_Cristiano_Ronaldo_%28cropped%29.jpg/330px-2025_Cristiano_Ronaldo_%28cropped%29.jpg,https://commons.wikimedia.org/wiki/File:2025_Cristiano_Ronaldo_(cropped).jpg,Public domain,The White House,https://www.flickr.com/photos/202101414@N05/54933344262/,wikidata-commons,2026-06-12T21:30:03.053Z
daley-blind,Daley Blind,Q128912,Zarya-MU (6) — копия.jpg,https://upload.wikimedia.org/wikipedia/commons/c/c7/Zarya-MU_%286%29_%E2%80%94_%D0%BA%D0%BE%D0%BF%D0%B8%D1%8F.jpg,https://upload.wikimedia.org/wikipedia/commons/c/c7/Zarya-MU_%286%29_%E2%80%94_%D0%BA%D0%BE%D0%BF%D0%B8%D1%8F.jpg,https://commons.wikimedia.org/wiki/File:Zarya-MU_(6)_%E2%80%94_%D0%BA%D0%BE%D0%BF%D0%B8%D1%8F.jpg,CC BY-SA 3.0,Станислав Ведмидь,Football.ua,wikidata-commons,2026-06-12T21:30:03.053Z
danny-welbeck,Danny Welbeck,Q188457,Danny Welbeck 2018-06-13 1.jpg,https://upload.wikimedia.org/wikipedia/commons/4/46/Danny_Welbeck_2018-06-13_1.jpg,https://upload.wikimedia.org/wikipedia/commons/thumb/4/46/Danny_Welbeck_2018-06-13_1.jpg/330px-Danny_Welbeck_2018-06-13_1.jpg,https://commons.wikimedia.org/wiki/File:Danny_Welbeck_2018-06-13_1.jpg,CC BY-SA 3.0,Кирилл Венедиктов,https://www.soccer.ru/galery/1053441/photo/729793,wikidata-commons,2026-06-12T21:30:03.053Z
darren-fletcher,Darren Fletcher,Q172792,Darren Fletcher 2017 (cropped).jpg,https://upload.wikimedia.org/wikipedia/commons/5/5d/Darren_Fletcher_2017_%28cropped%29.jpg,https://upload.wikimedia.org/wikipedia/commons/thumb/5/5d/Darren_Fletcher_2017_%28cropped%29.jpg/330px-Darren_Fletcher_2017_%28cropped%29.jpg,https://commons.wikimedia.org/wiki/File:Darren_Fletcher_2017_(cropped).jpg,CC BY-SA 2.0,@cfcunofficial (Chelsea Debs) London,West Brom 0 Chelsea 1,wikidata-commons,2026-06-12T21:30:03.053Z
david-beckham,David Beckham,Q10520,David Beckham 2009.jpg,https://upload.wikimedia.org/wikipedia/commons/7/7a/David_Beckham_2009.jpg,https://upload.wikimedia.org/wikipedia/commons/thumb/7/7a/David_Beckham_2009.jpg/330px-David_Beckham_2009.jpg,https://commons.wikimedia.org/wiki/File:David_Beckham_2009.jpg,CC BY-SA 2.0,The Democratic Alliance,David Beckham,wikidata-commons,2026-06-12T21:30:03.053Z
david-herd,David Herd,Q1174720,WillemIIManchesterUnited1963a (cropped).jpg,https://upload.wikimedia.org/wikipedia/commons/7/7f/WillemIIManchesterUnited1963a_%28cropped%29.jpg,https://upload.wikimedia.org/wikipedia/commons/thumb/7/7f/WillemIIManchesterUnited1963a_%28cropped%29.jpg/330px-WillemIIManchesterUnited1963a_%28cropped%29.jpg,https://commons.wikimedia.org/wiki/File:WillemIIManchesterUnited1963a_(cropped).jpg,CC0,Hugo van Gelderen (ANEFO),GaHetNa (Nationaal Archief NL) 915-5644,wikidata-commons,2026-06-12T21:30:03.053Z
david-may,David May,Q574121,"May, David.jpg",https://upload.wikimedia.org/wikipedia/commons/1/1d/May%2C_David.jpg,https://upload.wikimedia.org/wikipedia/commons/thumb/1/1d/May%2C_David.jpg/330px-May%2C_David.jpg,"https://commons.wikimedia.org/wiki/File:May,_David.jpg",CC BY-SA 3.0,Stew jones,Own work,wikidata-commons,2026-06-12T21:30:03.053Z
david-de-gea,David de Gea,Q150268,David de Gea 2017.jpg,https://upload.wikimedia.org/wikipedia/commons/6/68/David_de_Gea_2017.jpg,https://upload.wikimedia.org/wikipedia/commons/thumb/6/68/David_de_Gea_2017.jpg/330px-David_de_Gea_2017.jpg,https://commons.wikimedia.org/wiki/File:David_de_Gea_2017.jpg,CC BY-SA 3.0,Кирилл Венедиктов,https://www.soccer.ru/galery/1022771/photo/691822,wikidata-commons,2026-06-12T21:30:03.053Z
denis-irwin,Denis Irwin,Q317807,Denis Irwin (2017-07-29 img06) (cropped).jpg,https://upload.wikimedia.org/wikipedia/commons/6/65/Denis_Irwin_%282017-07-29_img06%29_%28cropped%29.jpg,https://upload.wikimedia.org/wikipedia/commons/thumb/6/65/Denis_Irwin_%282017-07-29_img06%29_%28cropped%29.jpg/330px-Denis_Irwin_%282017-07-29_img06%29_%28cropped%29.jpg,https://commons.wikimedia.org/wiki/File:Denis_Irwin_(2017-07-29_img06)_(cropped).jpg,CC BY-SA 3.0,Kjetil Ree,Own work,wikidata-commons,2026-06-12T21:30:03.053Z
denis-law,Denis Law,Q233565,Denis Law.jpg,https://upload.wikimedia.org/wikipedia/commons/d/d8/Denis_Law.jpg,https://upload.wikimedia.org/wikipedia/commons/thumb/d/d8/Denis_Law.jpg/330px-Denis_Law.jpg,https://commons.wikimedia.org/wiki/File:Denis_Law.jpg,CC BY 2.0,Danny Molyneux,Stranger 4 of 100 - Denis Uploaded by Kafuffle,wikidata-commons,2026-06-12T21:30:03.053Z
dennis-viollet,Dennis Viollet,Q462141,Dennis Viollet 1957.jpg,https://upload.wikimedia.org/wikipedia/commons/d/de/Dennis_Viollet_1957.jpg,https://upload.wikimedia.org/wikipedia/commons/thumb/d/de/Dennis_Viollet_1957.jpg/330px-Dennis_Viollet_1957.jpg,https://commons.wikimedia.org/wiki/File:Dennis_Viollet_1957.jpg,Public domain,Eskil Malmberg,"Rekord-Magasinet nr 36, 1957",wikidata-commons,2026-06-12T21:30:03.053Z
dick-duckworth,Dick Duckworth,Q2501681,Manchester United 1908-09 (Duckworth).jpg,https://upload.wikimedia.org/wikipedia/commons/5/5d/Manchester_United_1908-09_%28Duckworth%29.jpg,https://upload.wikimedia.org/wikipedia/commons/5/5d/Manchester_United_1908-09_%28Duckworth%29.jpg,https://commons.wikimedia.org/wiki/File:Manchester_United_1908-09_(Duckworth).jpg,Public domain,Unknown author Unknown author,Here,wikidata-commons,2026-06-12T21:30:03.053Z
diego-forlan,Diego Forlán,Q261534,U10 Diego Forlán 7524.jpg,https://upload.wikimedia.org/wikipedia/commons/f/f3/U10_Diego_Forl%C3%A1n_7524.jpg,https://upload.wikimedia.org/wikipedia/commons/thumb/f/f3/U10_Diego_Forl%C3%A1n_7524.jpg/330px-U10_Diego_Forl%C3%A1n_7524.jpg,https://commons.wikimedia.org/wiki/File:U10_Diego_Forl%C3%A1n_7524.jpg,CC BY-SA 3.0 at,Ailura,Own work,wikidata-commons,2026-06-12T21:30:03.053Z
dimitar-berbatov,Dimitar Berbatov,Q170235,Mitko Berbatov.jpg,https://upload.wikimedia.org/wikipedia/commons/3/33/Mitko_Berbatov.jpg,https://upload.wikimedia.org/wikipedia/commons/thumb/3/33/Mitko_Berbatov.jpg/330px-Mitko_Berbatov.jpg,https://commons.wikimedia.org/wiki/File:Mitko_Berbatov.jpg,CC BY-SA 3.0,Biso,Own work,wikidata-commons,2026-06-12T21:30:03.053Z
diogo-dalot,Diogo Dalot,Q26255506,Diogo Dalot USMNT v Portugal Mar 31 2026-12.jpg,https://upload.wikimedia.org/wikipedia/commons/1/1f/Diogo_Dalot_USMNT_v_Portugal_Mar_31_2026-12.jpg,https://upload.wikimedia.org/wikipedia/commons/thumb/1/1f/Diogo_Dalot_USMNT_v_Portugal_Mar_31_2026-12.jpg/330px-Diogo_Dalot_USMNT_v_Portugal_Mar_31_2026-12.jpg,https://commons.wikimedia.org/wiki/File:Diogo_Dalot_USMNT_v_Portugal_Mar_31_2026-12.jpg,CC BY-SA 4.0,Bryan Berlin,Own work,wikidata-commons,2026-06-12T21:30:03.053Z
dwight-yorke,Dwight Yorke,Q192175,Dwight Yorke in Chennai.jpg,https://upload.wikimedia.org/wikipedia/commons/6/6f/Dwight_Yorke_in_Chennai.jpg,https://upload.wikimedia.org/wikipedia/commons/thumb/6/6f/Dwight_Yorke_in_Chennai.jpg/330px-Dwight_Yorke_in_Chennai.jpg,https://commons.wikimedia.org/wiki/File:Dwight_Yorke_in_Chennai.jpg,CC BY-SA 2.0,Deepti Soni,Flickr : Dwight Yorke in Chennai,wikidata-commons,2026-06-12T21:30:03.053Z
edwin-van-der-sar,Edwin van der Sar,Q482955,Edwin van der Sar side.jpg,https://upload.wikimedia.org/wikipedia/commons/6/6e/Edwin_van_der_Sar_side.jpg,https://upload.wikimedia.org/wikipedia/commons/thumb/6/6e/Edwin_van_der_Sar_side.jpg/330px-Edwin_van_der_Sar_side.jpg,https://commons.wikimedia.org/wiki/File:Edwin_van_der_Sar_side.jpg,CC BY 2.5,Paul Blank,http://www.postproduktie.nl/voetbal.htm,wikidata-commons,2026-06-12T21:30:03.053Z
eric-bailly,Eric Bailly,Q18637352,Eric Bailly in 2023 (cropped).jpg,https://upload.wikimedia.org/wikipedia/commons/2/2b/Eric_Bailly_in_2023_%28cropped%29.jpg,https://upload.wikimedia.org/wikipedia/commons/thumb/2/2b/Eric_Bailly_in_2023_%28cropped%29.jpg/330px-Eric_Bailly_in_2023_%28cropped%29.jpg,https://commons.wikimedia.org/wiki/File:Eric_Bailly_in_2023_(cropped).jpg,CC BY 2.0,Beşiktaş JK,https://www.flickr.com/photos/199283147@N05/53251011694/,wikidata-commons,2026-06-12T21:30:03.053Z
eric-cantona,Eric Cantona,Q170328,Eric Cantona Cannes 2009.jpg,https://upload.wikimedia.org/wikipedia/commons/f/f4/Eric_Cantona_Cannes_2009.jpg,https://upload.wikimedia.org/wikipedia/commons/thumb/f/f4/Eric_Cantona_Cannes_2009.jpg/330px-Eric_Cantona_Cannes_2009.jpg,https://commons.wikimedia.org/wiki/File:Eric_Cantona_Cannes_2009.jpg,CC BY-SA 3.0,Georges Biard,Own work,wikidata-commons,2026-06-12T21:30:03.053Z
fabien-barthez,Fabien Barthez,Q191139,Fabien Barthez at OM.jpg,https://upload.wikimedia.org/wikipedia/commons/f/f5/Fabien_Barthez_at_OM.jpg,https://upload.wikimedia.org/wikipedia/commons/thumb/f/f5/Fabien_Barthez_at_OM.jpg/330px-Fabien_Barthez_at_OM.jpg,https://commons.wikimedia.org/wiki/File:Fabien_Barthez_at_OM.jpg,CC BY-SA 3.0,Unknown author Unknown author,fc-zenit.ru,wikidata-commons,2026-06-12T21:30:03.053Z
frank-stapleton,Frank Stapleton,Q118942,"Persdag Ajax 33 Arnold Mühren , 34 Stapleton, Bestanddeelnr 934-0331.jpg",https://upload.wikimedia.org/wikipedia/commons/5/59/Persdag_Ajax_33_Arnold_M%C3%BChren_%2C_34_Stapleton%2C_Bestanddeelnr_934-0331.jpg,https://upload.wikimedia.org/wikipedia/commons/thumb/5/59/Persdag_Ajax_33_Arnold_M%C3%BChren_%2C_34_Stapleton%2C_Bestanddeelnr_934-0331.jpg/330px-Persdag_Ajax_33_Arnold_M%C3%BChren_%2C_34_Stapleton%2C_Bestanddeelnr_934-0331.jpg,"https://commons.wikimedia.org/wiki/File:Persdag_Ajax_33_Arnold_M%C3%BChren_,_34_Stapleton,_Bestanddeelnr_934-0331.jpg",CC0,Bart Molendijk / Anefo,http://proxy.handle.net/10648/ad625fd8-d0b4-102d-bcf8-003048976d84,wikidata-commons,2026-06-12T21:30:03.053Z
fred,Fred,Q965448,Fred Brazil (cropped 2).jpg,https://upload.wikimedia.org/wikipedia/commons/2/2c/Fred_Brazil_%28cropped_2%29.jpg,https://upload.wikimedia.org/wikipedia/commons/2/2c/Fred_Brazil_%28cropped_2%29.jpg,https://commons.wikimedia.org/wiki/File:Fred_Brazil_(cropped_2).jpg,CC BY-SA 3.0,Кирилл Венедиктов,https://www.soccer.ru/galery/1054670/photo/731880,wikidata-commons,2026-06-12T21:30:03.053Z
fred-erentz,Fred Erentz,Q558319,Fred Erentz.jpg,https://upload.wikimedia.org/wikipedia/commons/5/51/Fred_Erentz.jpg,https://upload.wikimedia.org/wikipedia/commons/5/51/Fred_Erentz.jpg,https://commons.wikimedia.org/wiki/File:Fred_Erentz.jpg,Public domain,Unknown author Unknown author,https://www.mufcinfo.com/manupag/a-z_player_archive/a-z_player_archive_pages/erentz_fred.html,wikidata-commons,2026-06-12T21:30:03.053Z
gabriel-heinze,Gabriel Heinze,Q63659,Gabriel Heinze en Newell's Old Boys (2022).jpg,https://upload.wikimedia.org/wikipedia/commons/b/b8/Gabriel_Heinze_en_Newell%27s_Old_Boys_%282022%29.jpg,https://upload.wikimedia.org/wikipedia/commons/thumb/b/b8/Gabriel_Heinze_en_Newell%27s_Old_Boys_%282022%29.jpg/330px-Gabriel_Heinze_en_Newell%27s_Old_Boys_%282022%29.jpg,https://commons.wikimedia.org/wiki/File:Gabriel_Heinze_en_Newell%27s_Old_Boys_(2022).jpg,CC BY 3.0,Newell's Old Boys,Conferencia de prensa de Gabriel Heinze,wikidata-commons,2026-06-12T21:30:03.053Z
gary-neville,Gary Neville,Q348857,Gary Neville 2014 (cropped).jpg,https://upload.wikimedia.org/wikipedia/commons/c/c9/Gary_Neville_2014_%28cropped%29.jpg,https://upload.wikimedia.org/wikipedia/commons/thumb/c/c9/Gary_Neville_2014_%28cropped%29.jpg/330px-Gary_Neville_2014_%28cropped%29.jpg,https://commons.wikimedia.org/wiki/File:Gary_Neville_2014_(cropped).jpg,CC BY 2.0,University of Salford Press Office,https://www.flickr.com/photos/salforduniversity/15733516282/,wikidata-commons,2026-06-12T21:30:03.053Z
george-best,George Best,Q164521,George Best (1976).jpg,https://upload.wikimedia.org/wikipedia/commons/a/a1/George_Best_%281976%29.jpg,https://upload.wikimedia.org/wikipedia/commons/thumb/a/a1/George_Best_%281976%29.jpg/330px-George_Best_%281976%29.jpg,https://commons.wikimedia.org/wiki/File:George_Best_(1976).jpg,CC0,Hans Peters for Anefo,Nationaal Archief Fotocollectie Anefo 928-8290,wikidata-commons,2026-06-12T21:30:03.053Z
george-stacey,George Stacey,Q3436400,Manchester United 1908-09 (Stacey).jpg,https://upload.wikimedia.org/wikipedia/commons/4/45/Manchester_United_1908-09_%28Stacey%29.jpg,https://upload.wikimedia.org/wikipedia/commons/4/45/Manchester_United_1908-09_%28Stacey%29.jpg,https://commons.wikimedia.org/wiki/File:Manchester_United_1908-09_(Stacey).jpg,Public domain,Unknown author Unknown author,Here,wikidata-commons,2026-06-12T21:30:03.053Z
george-wall,George Wall,Q2028098,GeorgeWall.jpeg,https://upload.wikimedia.org/wikipedia/commons/b/b4/GeorgeWall.jpeg,https://upload.wikimedia.org/wikipedia/commons/b/b4/GeorgeWall.jpeg,https://commons.wikimedia.org/wiki/File:GeorgeWall.jpeg,Public domain,Unknown author Unknown author,http://www.spartacus.schoolnet.co.uk/MANUwall.htm,wikidata-commons,2026-06-12T21:30:03.053Z
gordon-mcqueen,Gordon McQueen,Q950967,FeyenoordManchesterUnited1983b (cropped) (cropped).jpg,https://upload.wikimedia.org/wikipedia/commons/3/31/FeyenoordManchesterUnited1983b_%28cropped%29_%28cropped%29.jpg,https://upload.wikimedia.org/wikipedia/commons/thumb/3/31/FeyenoordManchesterUnited1983b_%28cropped%29_%28cropped%29.jpg/330px-FeyenoordManchesterUnited1983b_%28cropped%29_%28cropped%29.jpg,https://commons.wikimedia.org/wiki/File:FeyenoordManchesterUnited1983b_(cropped)_(cropped).jpg,CC0,"Fotograaf Antonisse, Marcel / Anefo. Auteursrechthebbende Nationaal Archief, CC0",GaHetNa (Nationaal Archief NL) 932-6648,wikidata-commons,2026-06-12T21:30:03.053Z
harry-gregg,Harry Gregg,Q546107,WillemIIManchesterUnited1963c.jpg,https://upload.wikimedia.org/wikipedia/commons/3/36/WillemIIManchesterUnited1963c.jpg,https://upload.wikimedia.org/wikipedia/commons/thumb/3/36/WillemIIManchesterUnited1963c.jpg/330px-WillemIIManchesterUnited1963c.jpg,https://commons.wikimedia.org/wiki/File:WillemIIManchesterUnited1963c.jpg,CC0,Hugo van Gelderen (ANEFO),GaHetNa (Nationaal Archief NL) 915-5646,wikidata-commons,2026-06-12T21:30:03.053Z
harry-maguire,Harry Maguire,Q165772,Harry Maguire 2023 (cropped).jpg,https://upload.wikimedia.org/wikipedia/commons/a/ab/Harry_Maguire_2023_%28cropped%29.jpg,https://upload.wikimedia.org/wikipedia/commons/thumb/a/ab/Harry_Maguire_2023_%28cropped%29.jpg/330px-Harry_Maguire_2023_%28cropped%29.jpg,https://commons.wikimedia.org/wiki/File:Harry_Maguire_2023_(cropped).jpg,CC BY 2.0,UK Prime Minister,https://www.flickr.com/photos/49707497@N06/53248339219/,wikidata-commons,2026-06-12T21:30:03.053Z
harry-moger,Harry Moger,Q574892,Manchester United 1908-09 (Moger).jpg,https://upload.wikimedia.org/wikipedia/commons/c/cf/Manchester_United_1908-09_%28Moger%29.jpg,https://upload.wikimedia.org/wikipedia/commons/c/cf/Manchester_United_1908-09_%28Moger%29.jpg,https://commons.wikimedia.org/wiki/File:Manchester_United_1908-09_(Moger).jpg,Public domain,Unknown author Unknown author,Here,wikidata-commons,2026-06-12T21:30:03.053Z
henning-berg,Henning Berg,Q343093,Legia tren (2).jpg,https://upload.wikimedia.org/wikipedia/commons/e/ed/Legia_tren_%282%29.jpg,https://upload.wikimedia.org/wikipedia/commons/thumb/e/ed/Legia_tren_%282%29.jpg/330px-Legia_tren_%282%29.jpg,https://commons.wikimedia.org/wiki/File:Legia_tren_(2).jpg,CC BY-SA 3.0,Роман Шевчук,Football.ua,wikidata-commons,2026-06-12T21:30:03.053Z
jaap-stam,Jaap Stam,Q216917,Jaap Stam met fan cropped.jpg,https://upload.wikimedia.org/wikipedia/commons/a/af/Jaap_Stam_met_fan_cropped.jpg,https://upload.wikimedia.org/wikipedia/commons/thumb/a/af/Jaap_Stam_met_fan_cropped.jpg/330px-Jaap_Stam_met_fan_cropped.jpg,https://commons.wikimedia.org/wiki/File:Jaap_Stam_met_fan_cropped.jpg,CC BY-SA 3.0,Original: Flovries Derivative work: PeeJay2K3,Original photo,wikidata-commons,2026-06-12T21:30:03.053Z
jack-rowley,Jack Rowley,Q544255,Jack Rowley.jpg,https://upload.wikimedia.org/wikipedia/commons/e/e4/Jack_Rowley.jpg,https://upload.wikimedia.org/wikipedia/commons/thumb/e/e4/Jack_Rowley.jpg/330px-Jack_Rowley.jpg,https://commons.wikimedia.org/wiki/File:Jack_Rowley.jpg,CC BY-SA 3.0 nl,Joop van Bilsen for Anefo,Nationaal Archief Fotocollectie Anefo,wikidata-commons,2026-06-12T21:30:03.053Z
jadon-sancho,Jadon Sancho,Q30148558,"Manchester United v Liverpool, 22 August 2022 (33) (cropped).jpg",https://upload.wikimedia.org/wikipedia/commons/4/43/Manchester_United_v_Liverpool%2C_22_August_2022_%2833%29_%28cropped%29.jpg,https://upload.wikimedia.org/wikipedia/commons/thumb/4/43/Manchester_United_v_Liverpool%2C_22_August_2022_%2833%29_%28cropped%29.jpg/330px-Manchester_United_v_Liverpool%2C_22_August_2022_%2833%29_%28cropped%29.jpg,"https://commons.wikimedia.org/wiki/File:Manchester_United_v_Liverpool,_22_August_2022_(33)_(cropped).jpg",CC BY-SA 4.0,Ardfern,Own work,wikidata-commons,2026-06-12T21:30:03.053Z
jesse-lingard,Jesse Lingard,Q6186603,240609 FC 서울 팬사인회 (Jesse Lingard).jpg,https://upload.wikimedia.org/wikipedia/commons/7/78/240609_FC_%EC%84%9C%EC%9A%B8_%ED%8C%AC%EC%82%AC%EC%9D%B8%ED%9A%8C_%28Jesse_Lingard%29.jpg,https://upload.wikimedia.org/wikipedia/commons/thumb/7/78/240609_FC_%EC%84%9C%EC%9A%B8_%ED%8C%AC%EC%82%AC%EC%9D%B8%ED%9A%8C_%28Jesse_Lingard%29.jpg/330px-240609_FC_%EC%84%9C%EC%9A%B8_%ED%8C%AC%EC%82%AC%EC%9D%B8%ED%9A%8C_%28Jesse_Lingard%29.jpg,https://commons.wikimedia.org/wiki/File:240609_FC_%EC%84%9C%EC%9A%B8_%ED%8C%AC%EC%82%AC%EC%9D%B8%ED%9A%8C_(Jesse_Lingard).jpg,CC BY-SA 4.0,Explicit,Own work,wikidata-commons,2026-06-12T21:30:03.053Z
jimmy-nicholl,Jimmy Nicholl,Q929577,"Jimmy Nicholl, Dudesleeper.jpg",https://upload.wikimedia.org/wikipedia/commons/1/16/Jimmy_Nicholl%2C_Dudesleeper.jpg,https://upload.wikimedia.org/wikipedia/commons/1/16/Jimmy_Nicholl%2C_Dudesleeper.jpg,"https://commons.wikimedia.org/wiki/File:Jimmy_Nicholl,_Dudesleeper.jpg",CC BY 3.0,Dudesleeper,self-made Transferred from en.wikipedia,wikidata-commons,2026-06-12T21:30:03.053Z
john-o-shea,John O'Shea,Q306351,Manchester - Old Trafford - Manchester United vs Crawley Town.jpg,https://upload.wikimedia.org/wikipedia/commons/a/ac/Manchester_-_Old_Trafford_-_Manchester_United_vs_Crawley_Town.jpg,https://upload.wikimedia.org/wikipedia/commons/thumb/a/ac/Manchester_-_Old_Trafford_-_Manchester_United_vs_Crawley_Town.jpg/330px-Manchester_-_Old_Trafford_-_Manchester_United_vs_Crawley_Town.jpg,https://commons.wikimedia.org/wiki/File:Manchester_-_Old_Trafford_-_Manchester_United_vs_Crawley_Town.jpg,CC BY 2.0,Andrea Sartorati,Manchester - Old Trafford - Manchester United vs Crawley Town,wikidata-commons,2026-06-12T21:30:03.053Z
jonny-evans,Jonny Evans,Q29495,"Jonny Evans, CZE-NIR 2019-10-14 (4).jpg",https://upload.wikimedia.org/wikipedia/commons/9/9e/Jonny_Evans%2C_CZE-NIR_2019-10-14_%284%29.jpg,https://upload.wikimedia.org/wikipedia/commons/thumb/9/9e/Jonny_Evans%2C_CZE-NIR_2019-10-14_%284%29.jpg/330px-Jonny_Evans%2C_CZE-NIR_2019-10-14_%284%29.jpg,"https://commons.wikimedia.org/wiki/File:Jonny_Evans,_CZE-NIR_2019-10-14_(4).jpg",CC BY-SA 4.0,Tadeáš Bednarz,Own work,wikidata-commons,2026-06-12T21:30:03.053Z
juan-mata,Juan Mata,Q168740,Zarya-MU (10).jpg,https://upload.wikimedia.org/wikipedia/commons/3/31/Zarya-MU_%2810%29.jpg,https://upload.wikimedia.org/wikipedia/commons/3/31/Zarya-MU_%2810%29.jpg,https://commons.wikimedia.org/wiki/File:Zarya-MU_(10).jpg,CC BY-SA 3.0,Станислав Ведмидь,Football.ua,wikidata-commons,2026-06-12T21:30:03.053Z
juan-sebastian-veron,Juan Sebastián Verón,Q46502,Sebastián Verón.png,https://upload.wikimedia.org/wikipedia/commons/2/23/Sebasti%C3%A1n_Ver%C3%B3n.png,https://upload.wikimedia.org/wikipedia/commons/thumb/2/23/Sebasti%C3%A1n_Ver%C3%B3n.png/330px-Sebasti%C3%A1n_Ver%C3%B3n.png,https://commons.wikimedia.org/wiki/File:Sebasti%C3%A1n_Ver%C3%B3n.png,CC BY-SA 2.0,Agencia de Noticias ANDES,This image has been extracted from another file,wikidata-commons,2026-06-12T21:30:03.053Z
kieran-richardson,Kieran Richardson,Q309728,"Richardson, Kieran.jpg",https://upload.wikimedia.org/wikipedia/commons/1/18/Richardson%2C_Kieran.jpg,https://upload.wikimedia.org/wikipedia/commons/1/18/Richardson%2C_Kieran.jpg,"https://commons.wikimedia.org/wiki/File:Richardson,_Kieran.jpg",CC BY-SA 3.0,Jonesy702 at English Wikipedia,Transferred from en.wikipedia to Commons by Kafuffle using CommonsHelper .,wikidata-commons,2026-06-12T21:30:03.053Z
lee-martin,Lee Martin,Q1802999,"Martin, Lee Andrew.jpg",https://upload.wikimedia.org/wikipedia/commons/1/15/Martin%2C_Lee_Andrew.jpg,https://upload.wikimedia.org/wikipedia/commons/1/15/Martin%2C_Lee_Andrew.jpg,"https://commons.wikimedia.org/wiki/File:Martin,_Lee_Andrew.jpg",CC BY-SA 3.0,Stew jones,Own work,wikidata-commons,2026-06-12T21:30:03.053Z
lisandro-martinez,Lisandro Martínez,Q30881092,Lisandro Martinez 2022.jpg,https://upload.wikimedia.org/wikipedia/commons/6/61/Lisandro_Martinez_2022.jpg,https://upload.wikimedia.org/wikipedia/commons/thumb/6/61/Lisandro_Martinez_2022.jpg/330px-Lisandro_Martinez_2022.jpg,https://commons.wikimedia.org/wiki/File:Lisandro_Martinez_2022.jpg,CC BY-SA 4.0,Ardfern,Own work,wikidata-commons,2026-06-12T21:30:03.053Z
louis-saha,Louis Saha,Q484968,Louis Saha (cropped).jpg,https://upload.wikimedia.org/wikipedia/commons/1/11/Louis_Saha_%28cropped%29.jpg,https://upload.wikimedia.org/wikipedia/commons/thumb/1/11/Louis_Saha_%28cropped%29.jpg/330px-Louis_Saha_%28cropped%29.jpg,https://commons.wikimedia.org/wiki/File:Louis_Saha_(cropped).jpg,CC BY 2.0,Web Summit,Sportsfile (Web Summit),wikidata-commons,2026-06-12T21:30:03.053Z
luke-shaw,Luke Shaw,Q93563,"Luke Shaw, Manchester United v Newcastle United, 11 September 2021 (44) (cropped).jpg",https://upload.wikimedia.org/wikipedia/commons/b/b3/Luke_Shaw%2C_Manchester_United_v_Newcastle_United%2C_11_September_2021_%2844%29_%28cropped%29.jpg,https://upload.wikimedia.org/wikipedia/commons/thumb/b/b3/Luke_Shaw%2C_Manchester_United_v_Newcastle_United%2C_11_September_2021_%2844%29_%28cropped%29.jpg/330px-Luke_Shaw%2C_Manchester_United_v_Newcastle_United%2C_11_September_2021_%2844%29_%28cropped%29.jpg,"https://commons.wikimedia.org/wiki/File:Luke_Shaw,_Manchester_United_v_Newcastle_United,_11_September_2021_(44)_(cropped).jpg",CC BY-SA 4.0,Ardfern,Own work,wikidata-commons,2026-06-12T21:30:03.053Z
marcos-rojo,Marcos Rojo,Q507890,Marcos Rojo 2018.jpg,https://upload.wikimedia.org/wikipedia/commons/e/e4/Marcos_Rojo_2018.jpg,https://upload.wikimedia.org/wikipedia/commons/thumb/e/e4/Marcos_Rojo_2018.jpg/330px-Marcos_Rojo_2018.jpg,https://commons.wikimedia.org/wiki/File:Marcos_Rojo_2018.jpg,CC BY-SA 3.0,Кирилл Венедиктов,https://www.soccer.ru/galery/1055457/photo/733466,wikidata-commons,2026-06-12T21:30:03.053Z
marcus-rashford,Marcus Rashford,Q22951255,Marcus Rashford in 2023.jpg,https://upload.wikimedia.org/wikipedia/commons/1/11/Marcus_Rashford_in_2023.jpg,https://upload.wikimedia.org/wikipedia/commons/thumb/1/11/Marcus_Rashford_in_2023.jpg/330px-Marcus_Rashford_in_2023.jpg,https://commons.wikimedia.org/wiki/File:Marcus_Rashford_in_2023.jpg,CC BY 2.0,UK Prime Minister,https://www.flickr.com/photos/49707497@N06/53248339199/,wikidata-commons,2026-06-12T21:30:03.053Z
mark-hughes,Mark Hughes,Q214513,1 mark hughes 2015.jpg,https://upload.wikimedia.org/wikipedia/commons/3/38/1_mark_hughes_2015.jpg,https://upload.wikimedia.org/wikipedia/commons/thumb/3/38/1_mark_hughes_2015.jpg/330px-1_mark_hughes_2015.jpg,https://commons.wikimedia.org/wiki/File:1_mark_hughes_2015.jpg,CC BY-SA 4.0,Chensiyuan,Own work,wikidata-commons,2026-06-12T21:30:03.053Z
marouane-fellaini,Marouane Fellaini,Q275169,Fellaini 2017-03-09.jpg,https://upload.wikimedia.org/wikipedia/commons/a/ae/Fellaini_2017-03-09.jpg,https://upload.wikimedia.org/wikipedia/commons/thumb/a/ae/Fellaini_2017-03-09.jpg/330px-Fellaini_2017-03-09.jpg,https://commons.wikimedia.org/wiki/File:Fellaini_2017-03-09.jpg,CC BY-SA 3.0,Светлана Бекетова,https://www.soccer.ru/galery/966142/photo/619951,wikidata-commons,2026-06-12T21:30:03.053Z
mason-greenwood,Mason Greenwood,Q61986758,Greenwood asse om 2425.png,https://upload.wikimedia.org/wikipedia/commons/9/9c/Greenwood_asse_om_2425.png,https://upload.wikimedia.org/wikipedia/commons/thumb/9/9c/Greenwood_asse_om_2425.png/330px-Greenwood_asse_om_2425.png,https://commons.wikimedia.org/wiki/File:Greenwood_asse_om_2425.png,CC0,Paté kroute,Own work,wikidata-commons,2026-06-12T21:30:03.053Z
matteo-darmian,Matteo Darmian,Q44788,20150616 - Portugal - Italie - Genève - Matteo Darmian 1.jpg,https://upload.wikimedia.org/wikipedia/commons/2/2d/20150616_-_Portugal_-_Italie_-_Gen%C3%A8ve_-_Matteo_Darmian_1.jpg,https://upload.wikimedia.org/wikipedia/commons/thumb/2/2d/20150616_-_Portugal_-_Italie_-_Gen%C3%A8ve_-_Matteo_Darmian_1.jpg/330px-20150616_-_Portugal_-_Italie_-_Gen%C3%A8ve_-_Matteo_Darmian_1.jpg,https://commons.wikimedia.org/wiki/File:20150616_-_Portugal_-_Italie_-_Gen%C3%A8ve_-_Matteo_Darmian_1.jpg,CC BY-SA 3.0,Clément Bucco-Lechat,Own work,wikidata-commons,2026-06-12T21:30:03.053Z
michael-carrick,Michael Carrick,Q29566,Michael Carrick 12042025 (5) (cropped).jpg,https://upload.wikimedia.org/wikipedia/commons/9/9f/Michael_Carrick_12042025_%285%29_%28cropped%29.jpg,https://upload.wikimedia.org/wikipedia/commons/thumb/9/9f/Michael_Carrick_12042025_%285%29_%28cropped%29.jpg/330px-Michael_Carrick_12042025_%285%29_%28cropped%29.jpg,https://commons.wikimedia.org/wiki/File:Michael_Carrick_12042025_(5)_(cropped).jpg,CC0,Timmy96,Own work,wikidata-commons,2026-06-12T21:30:03.053Z
mikael-silvestre,Mikaël Silvestre,Q177343,Stade rennais - Le Havre AC 20150708 57.JPG,https://upload.wikimedia.org/wikipedia/commons/2/25/Stade_rennais_-_Le_Havre_AC_20150708_57.JPG,https://upload.wikimedia.org/wikipedia/commons/thumb/2/25/Stade_rennais_-_Le_Havre_AC_20150708_57.JPG/330px-Stade_rennais_-_Le_Havre_AC_20150708_57.JPG,https://commons.wikimedia.org/wiki/File:Stade_rennais_-_Le_Havre_AC_20150708_57.JPG,CC BY-SA 4.0,S. Plaine,Own work,wikidata-commons,2026-06-12T21:30:03.053Z
mike-phelan,Mike Phelan,Q325580,"Mike Phelan, Manchester United 2012 (cropped).jpg",https://upload.wikimedia.org/wikipedia/commons/e/e9/Mike_Phelan%2C_Manchester_United_2012_%28cropped%29.jpg,https://upload.wikimedia.org/wikipedia/commons/e/e9/Mike_Phelan%2C_Manchester_United_2012_%28cropped%29.jpg,"https://commons.wikimedia.org/wiki/File:Mike_Phelan,_Manchester_United_2012_(cropped).jpg",CC BY 2.0,Saadick Dhansay,Alex Ferguson and Mike Phelan,wikidata-commons,2026-06-12T21:30:03.053Z
nani,Nani,Q482947,New Zealand-Portugal Nani.jpg,https://upload.wikimedia.org/wikipedia/commons/3/3a/New_Zealand-Portugal_Nani.jpg,https://upload.wikimedia.org/wikipedia/commons/thumb/3/3a/New_Zealand-Portugal_Nani.jpg/330px-New_Zealand-Portugal_Nani.jpg,https://commons.wikimedia.org/wiki/File:New_Zealand-Portugal_Nani.jpg,CC BY-SA 3.0,Кирилл Венедиктов,soccer.ru,wikidata-commons,2026-06-12T21:30:03.053Z
nemanja-matic,Nemanja Matić,Q297603,Nemanja Matić 2018 (cropped).jpg,https://upload.wikimedia.org/wikipedia/commons/8/86/Nemanja_Mati%C4%87_2018_%28cropped%29.jpg,https://upload.wikimedia.org/wikipedia/commons/8/86/Nemanja_Mati%C4%87_2018_%28cropped%29.jpg,https://commons.wikimedia.org/wiki/File:Nemanja_Mati%C4%87_2018_(cropped).jpg,CC BY-SA 3.0,Екатерина Лаут,https://www.soccer.ru/galery/1055634/photo/733882,wikidata-commons,2026-06-12T21:30:03.053Z
nemanja-vidic,Nemanja Vidić,Q163564,Nemanja Vidić.jpg,https://upload.wikimedia.org/wikipedia/commons/4/4f/Nemanja_Vidi%C4%87.jpg,https://upload.wikimedia.org/wikipedia/commons/thumb/4/4f/Nemanja_Vidi%C4%87.jpg/330px-Nemanja_Vidi%C4%87.jpg,https://commons.wikimedia.org/wiki/File:Nemanja_Vidi%C4%87.jpg,CC BY 2.0,Austin Osuide,Cropped version of the file uploaded to Flickr with the name IronMan2,wikidata-commons,2026-06-12T21:30:03.053Z
nicky-butt,Nicky Butt,Q295506,Cropped Butt by nyaa birdies perch.jpg,https://upload.wikimedia.org/wikipedia/commons/2/2c/Cropped_Butt_by_nyaa_birdies_perch.jpg,https://upload.wikimedia.org/wikipedia/commons/thumb/2/2c/Cropped_Butt_by_nyaa_birdies_perch.jpg/330px-Cropped_Butt_by_nyaa_birdies_perch.jpg,https://commons.wikimedia.org/wiki/File:Cropped_Butt_by_nyaa_birdies_perch.jpg,CC BY 2.0,nyaa_birdies_perch,https://www.flickr.com/photos/birdies-perch/4209630432/,wikidata-commons,2026-06-12T21:30:03.053Z
nobby-stiles,Nobby Stiles,Q344152,Nobby Stiles (1966).jpg,https://upload.wikimedia.org/wikipedia/commons/0/05/Nobby_Stiles_%281966%29.jpg,https://upload.wikimedia.org/wikipedia/commons/thumb/0/05/Nobby_Stiles_%281966%29.jpg/330px-Nobby_Stiles_%281966%29.jpg,https://commons.wikimedia.org/wiki/File:Nobby_Stiles_(1966).jpg,Public domain,Panini,"'Euro Calciatori 1966 - 1967', Panini figurina",wikidata-commons,2026-06-12T21:30:03.053Z
norman-whiteside,Norman Whiteside,Q380223,Norman whiteside head crop.jpg,https://upload.wikimedia.org/wikipedia/commons/5/5b/Norman_whiteside_head_crop.jpg,https://upload.wikimedia.org/wikipedia/commons/thumb/5/5b/Norman_whiteside_head_crop.jpg/330px-Norman_whiteside_head_crop.jpg,https://commons.wikimedia.org/wiki/File:Norman_whiteside_head_crop.jpg,CC BY 2.0,apasciuto,https://www.flickr.com/photos/apasciuto/8655409893/in/photostream/,wikidata-commons,2026-06-12T21:30:03.053Z
ole-gunnar-solskj-r,Ole Gunnar Solskjær,Q18976,Ole Gunnar Solskjaer Trondheim2011-1 crop.jpg,https://upload.wikimedia.org/wikipedia/commons/6/69/Ole_Gunnar_Solskjaer_Trondheim2011-1_crop.jpg,https://upload.wikimedia.org/wikipedia/commons/thumb/6/69/Ole_Gunnar_Solskjaer_Trondheim2011-1_crop.jpg/330px-Ole_Gunnar_Solskjaer_Trondheim2011-1_crop.jpg,https://commons.wikimedia.org/wiki/File:Ole_Gunnar_Solskjaer_Trondheim2011-1_crop.jpg,CC BY-SA 2.0,Tor Atle Kleven,Flickr : Ole Gunnar Solskjær,wikidata-commons,2026-06-12T21:30:03.053Z
paddy-crerand,Paddy Crerand,Q961378,Paddycrerand.jpg,https://upload.wikimedia.org/wikipedia/commons/7/79/Paddycrerand.jpg,https://upload.wikimedia.org/wikipedia/commons/7/79/Paddycrerand.jpg,https://commons.wikimedia.org/wiki/File:Paddycrerand.jpg,CC BY-SA 3.0,Sleepyhead2,Own work,wikidata-commons,2026-06-12T21:30:03.053Z
park-ji-sung,Park Ji-sung,Q50603,Park Ji-sung G20 Seoul Summit Ambassador (cropped).jpg,https://upload.wikimedia.org/wikipedia/commons/4/4a/Park_Ji-sung_G20_Seoul_Summit_Ambassador_%28cropped%29.jpg,https://upload.wikimedia.org/wikipedia/commons/thumb/4/4a/Park_Ji-sung_G20_Seoul_Summit_Ambassador_%28cropped%29.jpg/330px-Park_Ji-sung_G20_Seoul_Summit_Ambassador_%28cropped%29.jpg,https://commons.wikimedia.org/wiki/File:Park_Ji-sung_G20_Seoul_Summit_Ambassador_(cropped).jpg,CC BY-SA 2.0,Korea.net / Korean Culture and Information Service,https://www.flickr.com/photos/42438955@N05/4840348690/,wikidata-commons,2026-06-12T21:30:03.053Z
patrice-evra,Patrice Evra,Q1916,Patrice Evra (52472689279) (cropped).jpg,https://upload.wikimedia.org/wikipedia/commons/c/cd/Patrice_Evra_%2852472689279%29_%28cropped%29.jpg,https://upload.wikimedia.org/wikipedia/commons/thumb/c/cd/Patrice_Evra_%2852472689279%29_%28cropped%29.jpg/330px-Patrice_Evra_%2852472689279%29_%28cropped%29.jpg,https://commons.wikimedia.org/wiki/File:Patrice_Evra_(52472689279)_(cropped).jpg,CC BY 2.0,Web Summit,RC2_9396,wikidata-commons,2026-06-12T21:30:03.053Z
paul-ince,Paul Ince,Q311171,Paul Ince.jpg,https://upload.wikimedia.org/wikipedia/commons/4/41/Paul_Ince.jpg,https://upload.wikimedia.org/wikipedia/commons/thumb/4/41/Paul_Ince.jpg/330px-Paul_Ince.jpg,https://commons.wikimedia.org/wiki/File:Paul_Ince.jpg,CC BY-SA 2.0,Justin Hartman,Paul Ince and I,wikidata-commons,2026-06-12T21:30:03.053Z
paul-pogba,Paul Pogba,Q129027,Paul Pogba at the 2025 Cannes Film Festival 02.jpg,https://upload.wikimedia.org/wikipedia/commons/e/ec/Paul_Pogba_at_the_2025_Cannes_Film_Festival_02.jpg,https://upload.wikimedia.org/wikipedia/commons/thumb/e/ec/Paul_Pogba_at_the_2025_Cannes_Film_Festival_02.jpg/330px-Paul_Pogba_at_the_2025_Cannes_Film_Festival_02.jpg,https://commons.wikimedia.org/wiki/File:Paul_Pogba_at_the_2025_Cannes_Film_Festival_02.jpg,CC BY-SA 4.0,Gabriel Hutchinson,Own work,wikidata-commons,2026-06-12T21:30:03.053Z
paul-scholes,Paul Scholes,Q45613,P Scholes.jpg,https://upload.wikimedia.org/wikipedia/commons/d/dc/P_Scholes.jpg,https://upload.wikimedia.org/wikipedia/commons/thumb/d/dc/P_Scholes.jpg/330px-P_Scholes.jpg,https://commons.wikimedia.org/wiki/File:P_Scholes.jpg,CC BY 2.0,James Adams,https://www.flickr.com/photos/jmage/2973851051/in/set-72157608386211837/,wikidata-commons,2026-06-12T21:30:03.053Z
peter-schmeichel,Peter Schmeichel,Q182314,Peter Schmeichel 2012-01-25 001.jpg,https://upload.wikimedia.org/wikipedia/commons/2/24/Peter_Schmeichel_2012-01-25_001.jpg,https://upload.wikimedia.org/wikipedia/commons/thumb/2/24/Peter_Schmeichel_2012-01-25_001.jpg/330px-Peter_Schmeichel_2012-01-25_001.jpg,https://commons.wikimedia.org/wiki/File:Peter_Schmeichel_2012-01-25_001.jpg,CC BY 3.0,Carlsberg,mynewsdesk,wikidata-commons,2026-06-12T21:30:03.053Z
phil-jones,Phil Jones,Q206641,Phil Jones - July 2015 (cropped).jpg,https://upload.wikimedia.org/wikipedia/commons/3/39/Phil_Jones_-_July_2015_%28cropped%29.jpg,https://upload.wikimedia.org/wikipedia/commons/thumb/3/39/Phil_Jones_-_July_2015_%28cropped%29.jpg/330px-Phil_Jones_-_July_2015_%28cropped%29.jpg,https://commons.wikimedia.org/wiki/File:Phil_Jones_-_July_2015_(cropped).jpg,CC BY-SA 2.0,"Matt Janzer from Missoula, USA","MUFC v CA - Seattle, WA - July 17, 2015",wikidata-commons,2026-06-12T21:30:03.053Z
phil-neville,Phil Neville,Q218063,Phil Neville Bohemians V Everton (43 of 51).jpg,https://upload.wikimedia.org/wikipedia/commons/2/2b/Phil_Neville_Bohemians_V_Everton_%2843_of_51%29.jpg,https://upload.wikimedia.org/wikipedia/commons/thumb/2/2b/Phil_Neville_Bohemians_V_Everton_%2843_of_51%29.jpg/330px-Phil_Neville_Bohemians_V_Everton_%2843_of_51%29.jpg,https://commons.wikimedia.org/wiki/File:Phil_Neville_Bohemians_V_Everton_(43_of_51).jpg,CC BY 2.0,The Bohs,Flickr : Bohemians V Everton (43 of 51),wikidata-commons,2026-06-12T21:30:03.053Z
quinton-fortune,Quinton Fortune,Q334564,"Fortune, Quinton.jpg",https://upload.wikimedia.org/wikipedia/commons/0/01/Fortune%2C_Quinton.jpg,https://upload.wikimedia.org/wikipedia/commons/0/01/Fortune%2C_Quinton.jpg,"https://commons.wikimedia.org/wiki/File:Fortune,_Quinton.jpg",CC BY-SA 3.0,Stew jones,Own work,wikidata-commons,2026-06-12T21:30:03.053Z
rafael,Rafael,Q189184,Rafael Man Utd 2011.jpg,https://upload.wikimedia.org/wikipedia/commons/a/ab/Rafael_Man_Utd_2011.jpg,https://upload.wikimedia.org/wikipedia/commons/thumb/a/ab/Rafael_Man_Utd_2011.jpg/330px-Rafael_Man_Utd_2011.jpg,https://commons.wikimedia.org/wiki/File:Rafael_Man_Utd_2011.jpg,CC BY 2.0,Andrea Sartorati,https://www.flickr.com/photos/tomjoad/5481081207/,wikidata-commons,2026-06-12T21:30:03.053Z
raphael-varane,Raphaël Varane,Q489039,Raphaël Varane 2018 (cropped).jpg,https://upload.wikimedia.org/wikipedia/commons/c/cc/Rapha%C3%ABl_Varane_2018_%28cropped%29.jpg,https://upload.wikimedia.org/wikipedia/commons/c/cc/Rapha%C3%ABl_Varane_2018_%28cropped%29.jpg,https://commons.wikimedia.org/wiki/File:Rapha%C3%ABl_Varane_2018_(cropped).jpg,CC BY-SA 3.0,Антон Зайцев,https://www.soccer.ru/galery/1056072/photo/734535,wikidata-commons,2026-06-12T21:30:03.053Z
rasmus-h-jlund,Rasmus Højlund,Q66467324,Rasmus Højlund with a fan.jpg,https://upload.wikimedia.org/wikipedia/commons/d/d3/Rasmus_H%C3%B8jlund_with_a_fan.jpg,https://upload.wikimedia.org/wikipedia/commons/d/d3/Rasmus_H%C3%B8jlund_with_a_fan.jpg,https://commons.wikimedia.org/wiki/File:Rasmus_H%C3%B8jlund_with_a_fan.jpg,CC0,VietnamJ25,Own work,wikidata-commons,2026-06-12T21:30:03.053Z
rio-ferdinand,Rio Ferdinand,Q483417,"Web Summit 2015 - Dublin, Ireland - 22183056474 (cropped).jpg",https://upload.wikimedia.org/wikipedia/commons/4/4c/Web_Summit_2015_-_Dublin%2C_Ireland_-_22183056474_%28cropped%29.jpg,https://upload.wikimedia.org/wikipedia/commons/thumb/4/4c/Web_Summit_2015_-_Dublin%2C_Ireland_-_22183056474_%28cropped%29.jpg/330px-Web_Summit_2015_-_Dublin%2C_Ireland_-_22183056474_%28cropped%29.jpg,"https://commons.wikimedia.org/wiki/File:Web_Summit_2015_-_Dublin,_Ireland_-_22183056474_(cropped).jpg",CC BY 2.0,Web Summit,https://www.flickr.com/photos/websummit/22183056474/,wikidata-commons,2026-06-12T21:30:03.053Z
robin-van-persie,Robin van Persie,Q2339,Loco-Fener (10).jpg,https://upload.wikimedia.org/wikipedia/commons/6/65/Loco-Fener_%2810%29.jpg,https://upload.wikimedia.org/wikipedia/commons/thumb/6/65/Loco-Fener_%2810%29.jpg/330px-Loco-Fener_%2810%29.jpg,https://commons.wikimedia.org/wiki/File:Loco-Fener_(10).jpg,CC BY-SA 3.0,Елена Рыбакова,soccer.ru,wikidata-commons,2026-06-12T21:30:03.053Z
roger-byrne,Roger Byrne,Q344862,Roger Byrne.jpg,https://upload.wikimedia.org/wikipedia/commons/e/e1/Roger_Byrne.jpg,https://upload.wikimedia.org/wikipedia/commons/e/e1/Roger_Byrne.jpg,https://commons.wikimedia.org/wiki/File:Roger_Byrne.jpg,Public domain,Hesekiel,"Rekord-Magasinet nr 36, 1957",wikidata-commons,2026-06-12T21:30:03.053Z
romelu-lukaku,Romelu Lukaku,Q313316,Romelu Lukaku 2021.jpg,https://upload.wikimedia.org/wikipedia/commons/d/dc/Romelu_Lukaku_2021.jpg,https://upload.wikimedia.org/wikipedia/commons/thumb/d/dc/Romelu_Lukaku_2021.jpg/330px-Romelu_Lukaku_2021.jpg,https://commons.wikimedia.org/wiki/File:Romelu_Lukaku_2021.jpg,CC BY-SA 3.0,Vyacheslav Evdokimov,https://fc-zenit.ru/photo/50817/,wikidata-commons,2026-06-12T21:30:03.053Z
ronny-johnsen,Ronny Johnsen,Q381460,Ronny Johnsen (2017-07-29 img02).jpg,https://upload.wikimedia.org/wikipedia/commons/b/b9/Ronny_Johnsen_%282017-07-29_img02%29.jpg,https://upload.wikimedia.org/wikipedia/commons/thumb/b/b9/Ronny_Johnsen_%282017-07-29_img02%29.jpg/330px-Ronny_Johnsen_%282017-07-29_img02%29.jpg,https://commons.wikimedia.org/wiki/File:Ronny_Johnsen_(2017-07-29_img02).jpg,CC BY-SA 3.0,Kjetil Ree,Own work,wikidata-commons,2026-06-12T21:30:03.053Z
roy-keane,Roy Keane,Q188632,Roy keane 2014.jpg,https://upload.wikimedia.org/wikipedia/commons/0/0a/Roy_keane_2014.jpg,https://upload.wikimedia.org/wikipedia/commons/thumb/0/0a/Roy_keane_2014.jpg/330px-Roy_keane_2014.jpg,https://commons.wikimedia.org/wiki/File:Roy_keane_2014.jpg,CC BY 2.0,Irish Defence Forces from Ireland,Finished Goc Air Corps,wikidata-commons,2026-06-12T21:30:03.053Z
ruud-van-nistelrooy,Ruud van Nistelrooy,Q45626,Ruud van Nistelrooy 2017.jpg,https://upload.wikimedia.org/wikipedia/commons/9/9d/Ruud_van_Nistelrooy_2017.jpg,https://upload.wikimedia.org/wikipedia/commons/thumb/9/9d/Ruud_van_Nistelrooy_2017.jpg/330px-Ruud_van_Nistelrooy_2017.jpg,https://commons.wikimedia.org/wiki/File:Ruud_van_Nistelrooy_2017.jpg,CC BY-SA 4.0,Ardfern,Own work,wikidata-commons,2026-06-12T21:30:03.053Z
ryan-giggs,Ryan Giggs,Q10524,Ryan Giggs in 2008.jpg,https://upload.wikimedia.org/wikipedia/commons/5/58/Ryan_Giggs_in_2008.jpg,https://upload.wikimedia.org/wikipedia/commons/thumb/5/58/Ryan_Giggs_in_2008.jpg/330px-Ryan_Giggs_in_2008.jpg,https://commons.wikimedia.org/wiki/File:Ryan_Giggs_in_2008.jpg,CC BY 2.0,James Adams,https://www.flickr.com/photos/jmage/2974655582/in/set-72157608386211837/,wikidata-commons,2026-06-12T21:30:03.053Z
sammy-mcilroy,Sammy McIlroy,Q552248,"McIlroy, Sammy.jpg",https://upload.wikimedia.org/wikipedia/commons/5/53/McIlroy%2C_Sammy.jpg,https://upload.wikimedia.org/wikipedia/commons/5/53/McIlroy%2C_Sammy.jpg,"https://commons.wikimedia.org/wiki/File:McIlroy,_Sammy.jpg",CC BY-SA 3.0,Stew jones,Own work,wikidata-commons,2026-06-12T21:30:03.053Z
sandy-turnbull,Sandy Turnbull,Q1697963,Alexander «Sandy» Turnbull.jpg,https://upload.wikimedia.org/wikipedia/commons/6/6a/Alexander_%C2%ABSandy%C2%BB_Turnbull.jpg,https://upload.wikimedia.org/wikipedia/commons/6/6a/Alexander_%C2%ABSandy%C2%BB_Turnbull.jpg,https://commons.wikimedia.org/wiki/File:Alexander_%C2%ABSandy%C2%BB_Turnbull.jpg,Public domain,Unknown author Unknown author,http://www.spartacus.schoolnet.co.uk/MANUturnbull.jpg,wikidata-commons,2026-06-12T21:30:03.053Z
scott-mctominay,Scott McTominay,Q29624459,Scott McTominay Scotland v Bolivia 6 June 2026-41.jpg,https://upload.wikimedia.org/wikipedia/commons/4/4d/Scott_McTominay_Scotland_v_Bolivia_6_June_2026-41.jpg,https://upload.wikimedia.org/wikipedia/commons/thumb/4/4d/Scott_McTominay_Scotland_v_Bolivia_6_June_2026-41.jpg/330px-Scott_McTominay_Scotland_v_Bolivia_6_June_2026-41.jpg,https://commons.wikimedia.org/wiki/File:Scott_McTominay_Scotland_v_Bolivia_6_June_2026-41.jpg,CC BY-SA 4.0,Bryan Berlin,Own work,wikidata-commons,2026-06-12T21:30:03.053Z
shay-brennan,Shay Brennan,Q1336611,Manchester_United_FC_1960.jpg,https://upload.wikimedia.org/wikipedia/commons/b/b7/Manchester_United_FC_1960.jpg,https://upload.wikimedia.org/wikipedia/commons/thumb/b/b7/Manchester_United_FC_1960.jpg/330px-Manchester_United_FC_1960.jpg,https://commons.wikimedia.org/wiki/File:Manchester_United_FC_1960.jpg,Public domain,Eskil Malmberg,Rekord-Magasinet nr 18 1960,wikidata-commons,2026-06-12T21:30:03.053Z
steve-bruce,Steve Bruce,Q331904,Steve Bruce.jpg,https://upload.wikimedia.org/wikipedia/commons/9/9a/Steve_Bruce.jpg,https://upload.wikimedia.org/wikipedia/commons/thumb/9/9a/Steve_Bruce.jpg/330px-Steve_Bruce.jpg,https://commons.wikimedia.org/wiki/File:Steve_Bruce.jpg,CC BY 2.0,Ronnie Macdonald,https://www.flickr.com/photos/ronmacphotos/6270169911/in/photostream,wikidata-commons,2026-06-12T21:30:03.053Z
steve-coppell,Steve Coppell,Q438005,Steve coppell 2006 promotion celebration cropped.JPG,https://upload.wikimedia.org/wikipedia/commons/c/cb/Steve_coppell_2006_promotion_celebration_cropped.JPG,https://upload.wikimedia.org/wikipedia/commons/thumb/c/cb/Steve_coppell_2006_promotion_celebration_cropped.JPG/330px-Steve_coppell_2006_promotion_celebration_cropped.JPG,https://commons.wikimedia.org/wiki/File:Steve_coppell_2006_promotion_celebration_cropped.JPG,CC BY-SA 3.0,Steve_coppell_2006_promotion_celebration.JPG : User Blackcat derivative work: Off2riorob ( talk ),Steve_coppell_2006_promotion_celebration.JPG,wikidata-commons,2026-06-12T21:30:03.053Z
stewart-houston,Stewart Houston,Q722580,Coppa UEFA 1976-77 - Juventus vs Manchester Utd - Stewart Houston e Roberto Boninsegna.jpg,https://upload.wikimedia.org/wikipedia/commons/c/c8/Coppa_UEFA_1976-77_-_Juventus_vs_Manchester_Utd_-_Stewart_Houston_e_Roberto_Boninsegna.jpg,https://upload.wikimedia.org/wikipedia/commons/thumb/c/c8/Coppa_UEFA_1976-77_-_Juventus_vs_Manchester_Utd_-_Stewart_Houston_e_Roberto_Boninsegna.jpg/330px-Coppa_UEFA_1976-77_-_Juventus_vs_Manchester_Utd_-_Stewart_Houston_e_Roberto_Boninsegna.jpg,https://commons.wikimedia.org/wiki/File:Coppa_UEFA_1976-77_-_Juventus_vs_Manchester_Utd_-_Stewart_Houston_e_Roberto_Boninsegna.jpg,Public domain,The original uploader was Thebot at Ukrainian Wikipedia .,Transferred from uk.wikipedia to Commons.,wikidata-commons,2026-06-12T21:30:03.053Z
teddy-sheringham,Teddy Sheringham,Q234576,Teddy Sheringham 2012.jpg,https://upload.wikimedia.org/wikipedia/commons/8/8a/Teddy_Sheringham_2012.jpg,https://upload.wikimedia.org/wikipedia/commons/thumb/8/8a/Teddy_Sheringham_2012.jpg/330px-Teddy_Sheringham_2012.jpg,https://commons.wikimedia.org/wiki/File:Teddy_Sheringham_2012.jpg,CC BY-SA 3.0,Christophe95,Own work,wikidata-commons,2026-06-12T21:30:03.053Z
tom-cleverley,Tom Cleverley,Q10577,Tom Cleverley 2015.jpg,https://upload.wikimedia.org/wikipedia/commons/d/d8/Tom_Cleverley_2015.jpg,https://upload.wikimedia.org/wikipedia/commons/thumb/d/d8/Tom_Cleverley_2015.jpg/330px-Tom_Cleverley_2015.jpg,https://commons.wikimedia.org/wiki/File:Tom_Cleverley_2015.jpg,CC BY 2.0,"Tommy Low from Singapore, Singapore",BAT2015_Arsenal_vs_Everton-140,wikidata-commons,2026-06-12T21:30:03.053Z
tony-dunne,Tony Dunne,Q2719796,"Manchester United v Everton, 7 August 2021 (23).jpg",https://upload.wikimedia.org/wikipedia/commons/2/25/Manchester_United_v_Everton%2C_7_August_2021_%2823%29.jpg,https://upload.wikimedia.org/wikipedia/commons/thumb/2/25/Manchester_United_v_Everton%2C_7_August_2021_%2823%29.jpg/330px-Manchester_United_v_Everton%2C_7_August_2021_%2823%29.jpg,"https://commons.wikimedia.org/wiki/File:Manchester_United_v_Everton,_7_August_2021_(23).jpg",CC BY-SA 4.0,Ardfern,Own work,wikidata-commons,2026-06-12T21:30:03.053Z
victor-lindelof,Victor Lindelöf,Q4125587,"Sweden-Slovenia Nations League 2022-09-27 6 (Victor Lindelof, cropped).jpg",https://upload.wikimedia.org/wikipedia/commons/1/1e/Sweden-Slovenia_Nations_League_2022-09-27_6_%28Victor_Lindelof%2C_cropped%29.jpg,https://upload.wikimedia.org/wikipedia/commons/thumb/1/1e/Sweden-Slovenia_Nations_League_2022-09-27_6_%28Victor_Lindelof%2C_cropped%29.jpg/330px-Sweden-Slovenia_Nations_League_2022-09-27_6_%28Victor_Lindelof%2C_cropped%29.jpg,"https://commons.wikimedia.org/wiki/File:Sweden-Slovenia_Nations_League_2022-09-27_6_(Victor_Lindelof,_cropped).jpg",CC BY-SA 4.0,Rolandhino1,Own work,wikidata-commons,2026-06-12T21:30:03.053Z
walter-cartwright,Walter Cartwright,Q3436423,Walter Cartwright.jpg,https://upload.wikimedia.org/wikipedia/commons/8/85/Walter_Cartwright.jpg,https://upload.wikimedia.org/wikipedia/commons/8/85/Walter_Cartwright.jpg,https://commons.wikimedia.org/wiki/File:Walter_Cartwright.jpg,Public domain,Unknown author Unknown author,http://www.mufcinfo.com/manupag/a-z_player_archive/a-z_player_archive_pages/cartwright_walter.html,wikidata-commons,2026-06-12T21:30:03.053Z
wayne-rooney,Wayne Rooney,Q266613,Wayne-Rooney-2015-10-21.jpg,https://upload.wikimedia.org/wikipedia/commons/0/0c/Wayne-Rooney-2015-10-21.jpg,https://upload.wikimedia.org/wikipedia/commons/thumb/0/0c/Wayne-Rooney-2015-10-21.jpg/330px-Wayne-Rooney-2015-10-21.jpg,https://commons.wikimedia.org/wiki/File:Wayne-Rooney-2015-10-21.jpg,CC BY-SA 3.0,Дмитрий Голубович,http://www.soccer.ru/galery/667228/photo/480232,wikidata-commons,2026-06-12T21:30:03.053Z
wes-brown,Wes Brown,Q83756,Brown Manchester - Old Trafford - Manchester United vs Crawley Town.jpg,https://upload.wikimedia.org/wikipedia/commons/5/53/Brown_Manchester_-_Old_Trafford_-_Manchester_United_vs_Crawley_Town.jpg,https://upload.wikimedia.org/wikipedia/commons/thumb/5/53/Brown_Manchester_-_Old_Trafford_-_Manchester_United_vs_Crawley_Town.jpg/330px-Brown_Manchester_-_Old_Trafford_-_Manchester_United_vs_Crawley_Town.jpg,https://commons.wikimedia.org/wiki/File:Brown_Manchester_-_Old_Trafford_-_Manchester_United_vs_Crawley_Town.jpg,CC BY 2.0,Andrea Sartorati,Manchester - Old Trafford - Manchester United vs Crawley Town,wikidata-commons,2026-06-12T21:30:03.053Z
